<meta>
    <script src="server.lua" type="server"></script>
    <script src="client.lua" type="client"></script>
    <script src="c_skidmarks.lua" type="client"></script>
    <script src="skins.lua" type="client" />
    <file src="drug_green.dff" />
    <file src="drug_red.dff" />
    <file src="drug_yellow.dff" />
    <file src="drug_orange.dff" />
    <file src="dyn_drugs.txd" />
    <file src="white.png" />
    <file src="skidmarks.fx" />
    <file src="mta-helper.fx" />
    <info gamemodes="race" type="map" racetype="R" name="Disco Dash" author="Ali_Digitali" version="1.0.0"></info>
    <map src="dd-Disco-Dash-v3.map" dimension="0"></map>
    <settings>
        <setting name="#skins" value='[ &quot;cj&quot; ]'></setting>
        <setting name="#maxplayers" value="[ 128 ]"></setting>
        <setting name="#useLODs" value="[ true ]"></setting>
        <setting name="#gamespeed" value="[ 1 ]"></setting>
        <setting name="#ghostmode" value='[ &quot;false&quot; ]'></setting>
        <setting name="#time" value="20:0"></setting>
        <setting name="#vehicleweapons" value='[ &quot;true&quot; ]'></setting>
        <setting name="#minplayers" value="[ 0 ]"></setting>
        <setting name="#respawntime" value="[ 5 ]"></setting>
        <setting name="#gravity" value="[ 0.008 ]"></setting>
        <setting name="#waveheight" value="[ 0 ]"></setting>
        <setting name="#weather" value="[ 0 ]"></setting>
        <setting name="#locked_time" value="[ true ]"></setting>
        <setting name="#duration" value="[ 1800 ]"></setting>
        <setting name="#respawn" value='[ &quot;timelimit&quot; ]'></setting>
    </settings>
    <script src="mapEditorScriptingExtension_s.lua" type="server"></script>
    <script src="mapEditorScriptingExtension_c.lua" type="client" validate="false"></script>
</meta>
