<meta>
    <info gamemodes="race" type="map" name="[RC] Eastern_Creek[PitStop]" author="[MAF]Cromiell" version="1.0.0" description="V8 Supercars Eastern Creek" />
    <map src="EasternCreek[PitStop].map" dimension="0" />
    <settings>
        <setting name="#skins" value='[ &quot;cj&quot; ]' />
        <setting name="#maxplayers" value="[ 128 ]" />
        <setting name="#gamespeed" value="[ 1 ]" />
        <setting name="#ghostmode" value='[ &quot;true&quot; ]' />
        <setting name="#time" value="12:0" />
        <setting name="#vehicleweapons" value='[ &quot;false&quot; ]' />
        <setting name="#minplayers" value="[ 0 ]" />
        <setting name="#weather" value="[ 0 ]" />
        <setting name="#gravity" value="[ 0.008000 ]" />
        <setting name="#waveheight" value="[ 0 ]" />
        <setting name="#respawntime" value="[ 5 ]" />
        <setting name="#locked_time" value="[ false ]" />
        <setting name="#duration" value="[ 1800 ]" />
        <setting name="#respawn" value='[ &quot;timelimit&quot; ]' />
    </settings>
</meta>
