<meta>
<file src="tex_names.fx" /> 
 <file src="b1.dff" /> 
  <file src="b2.dff" /> 
  <file src="b1.txd" /> 
  <file src="b2.txd" /> 
 <script src="bally_client.lua" type="client" /> 
    <info gamemodes="race" type="map" name="[Race] Santiii733 ft. Silencer^ - I Love Dubstep &lt;3" author="Silencer &amp; Santiii733" version="1.0.0"></info>
    <map src="Santi-ft-Silencer---I-Love-Dubstep-3.map" dimension="0"></map>
    <settings>
        <setting name="#skins" value='[ &quot;cj&quot; ]'></setting>
        <setting name="#maxplayers" value="[ 128 ]"></setting>
        <setting name="#useLODs" value="[ false ]"></setting>
        <setting name="#gamespeed" value="[ 1 ]"></setting>
        <setting name="#ghostmode" value='[ &quot;true&quot; ]'></setting>
        <setting name="#time" value="1:0"></setting>
        <setting name="#vehicleweapons" value='[ &quot;false&quot; ]'></setting>
        <setting name="#minplayers" value="[ 0 ]"></setting>
        <setting name="#weather" value="[ 0 ]"></setting>
        <setting name="#gravity" value="[ 0.008000 ]"></setting>
        <setting name="#waveheight" value="[ 0 ]"></setting>
        <setting name="#respawntime" value="[ 5 ]"></setting>
        <setting name="#locked_time" value="[ false ]"></setting>
        <setting name="#duration" value="[ 1800 ]"></setting>
        <setting name="#respawn" value='[ &quot;timelimit&quot; ]'></setting>
    </settings>
	<script src="poles.lua" type="client" />
</meta>
