<?xml version="1.0" encoding="utf-16"?>
<meta>
	<info type="map" gamemodes="race" racetype="R" name="Bandito" author="Unknown" description="Bandito - first MTA map ever" version="1.1" team="SAM" />
	<map src="Bandito.map" />
	<settings>
		<setting name="#weather" value="[ 5 ]"></setting>
		<setting name="#respawn" value='[ &quot;timelimit&quot; ]'></setting>
		<setting name="#respawntime" value="[ 1 ]"></setting>
		<setting name="#duration" value="[ 180 ]"></setting>
		<setting name="#ghostmode" value='[ &quot;true&quot; ]'></setting>
		<setting name="#useLODs" value="[ true ]"></setting>
	</settings>
</meta>
