<?xml version="1.0" encoding="utf-16"?>
<meta>
	<info type="map" gamemodes="race" racetype="R" name="Airport Speedway" author="BLASTAxerox" description="Easy race around the airport with some gradual turns.  Designed for high speed fun.  Respect to the BLASTA crew." version="0" />
	<map src="Airport Speedway.map" />
	<settings>
		<setting name="#weather" value="[ 4 ]"></setting>
		<setting name="#respawn" value='[ &quot;timelimit&quot; ]'></setting>
		<setting name="#respawntime" value="[ 1 ]"></setting>
		<setting name="#duration" value="[ 240 ]"></setting>
		<setting name="#ghostmode" value='[ &quot;true&quot; ]'></setting>
		<setting name="#useLODs" value="[ true ]"></setting>
	</settings>
</meta>
