<meta>
    <info gamemodes="race" type="map" name="ordinaryLV" author="GARIK08" version="1.0"></info>
    <map src="ordinaryLV.map" dimension="0"></map>
    <settings>
        <setting name="#maxplayers" value="[ 128 ]"></setting>
        <setting name="#gamespeed" value="[ 1 ]"></setting>
        <setting name="#ghostmode" value='[ &quot;true&quot; ]'></setting>
        <setting name="#minplayers" value="[ 0 ]"></setting>
        <setting name="#gravity" value="[ 0.008000 ]"></setting>
        <setting name="#waveheight" value="[ 0 ]"></setting>
        <setting name="#respawntime" value="[ 6 ]"></setting>
        <setting name="#locked_time" value="[ false ]"></setting>
        <setting name="#weather" value="[ 14 ]"></setting>
        <setting name="#time" value="15:30"></setting>
    </settings>
</meta>
