<meta>
    <file src="texture.txd" />
    <script src="models.lua" type="client" />
    <script src="client.lua" type="client" />
    <script src="poleremover.lua" type="client" />
    <info gamemodes="race" type="map" name="Speedhunters 2" author="CsenaHUN" version="1.5" description="Race" />
    <map src="race-speedhunters2.map" />
    <settings>
        <setting name="#ghostmode" value="true" />
        <setting name="#respawn" value="timelimit" />
        <setting name="#time" value="23:0" />
        <setting name="#weather" value="6" />
    </settings>
</meta>