<meta>
    <info gamemodes="race" type="map" name="Wow Pizza" author="Magik_PFK" version="1.0.0"></info>
    <map src="race-WowPizza.map" dimension="0"></map>
    <settings>
        <setting name="#skins" value='[ &quot;random&quot; ]'></setting>
        <setting name="#maxplayers" value="[ 128 ]"></setting>
        <setting name="#useLODs" value="[ false ]"></setting>
        <setting name="#gamespeed" value="[ 1 ]"></setting>
        <setting name="#ghostmode" value='[ &quot;false&quot; ]'></setting>
        <setting name="#time" value="21:0"></setting>
        <setting name="#vehicleweapons" value='[ &quot;false&quot; ]'></setting>
        <setting name="#minplayers" value="[ 0 ]"></setting>
        <setting name="#weather" value="[ 18 ]"></setting>
        <setting name="#gravity" value="[ 0.0080000003799796104 ]"></setting>
        <setting name="#waveheight" value="[ 0 ]"></setting>
        <setting name="#respawntime" value="[ 5 ]"></setting>
        <setting name="#locked_time" value="[ false ]"></setting>
        <setting name="#duration" value="[ 1800 ]"></setting>
        <setting name="#respawn" value='[ &quot;timelimit&quot; ]'></setting>
    </settings>
    <script src="mapEditorScriptingExtension_s.lua" type="server"></script>
    <script src="mapEditorScriptingExtension_c.lua" type="client" validate="false"></script>
</meta>
