<meta>
	<script src="customMapEditorScriptingExtension_s.lua" type="server"></script>
	<script src="client.lua" type="client" />
	<script src="server.lua" type="server" />
	
	<file src="billbrd01_lan2.txd" />
	<file src="billbrdlan2_01.dff" />
	<file src="cd.mp3" />
	<file src="meow.mp3" />
	<file src="cd_0.png" />
	<file src="cd_1.png" />
	<file src="cd_2.png" />
	<file src="cd_3.png" />
	<file src="cd_4.png" />
	
	<min_mta_version server="1.5.8-9.20957"></min_mta_version>
	
	<info gamemodes="race" type="map" racetype="R" name="CAT CUP - Pussy Pyramid" author="Mawfeen" version="2.0" description="Meow 5: Pussy move so fast, you munch tracks."></info>
	<map src="CATCUP-PussyPyramid.map" dimension="0"></map>
	<settings>
		<setting name="#allowonfoot" value='[ &quot;false&quot; ]'></setting>
		<setting name="#autopimp" value='[ &quot;true&quot; ]'></setting>
		<setting name="#classicchangez" value='[ &quot;false&quot; ]'></setting>
		<setting name="#countdownduration" value="[ 4 ]"></setting>
		<setting name="#duration" value="[ 1800 ]"></setting>
		<setting name="#firewater" value='[ &quot;false&quot; ]'></setting>
		<setting name="#gamespeed" value="[ 1 ]"></setting>
		<setting name="#ghostmode" value='[ &quot;true&quot; ]'></setting>
		<setting name="#gravity" value="[ 0.0080000004 ]"></setting>
		<setting name="#hunterminigun" value='[ &quot;false&quot; ]'></setting>
		<setting name="#locked_time" value="[ true ]"></setting>
		<setting name="#maxplayers" value="[ 128 ]"></setting>
		<setting name="#minplayers" value="[ 0 ]"></setting>
		<setting name="#randomclothes" value='[ &quot;false&quot; ]'></setting>
		<setting name="#respawn" value='[ &quot;timelimit&quot; ]'></setting>
		<setting name="#respawntime" value="[ -1 ]"></setting>
		<setting name="#shufflespawns" value='[ &quot;false&quot; ]'></setting>
		<setting name="#time" value="12:0"></setting>
		<setting name="#timeafterfirstfinish" value="[ -1 ]"></setting>
		<setting name="#useLODs" value="[ true ]"></setting>
		<setting name="#vehicleweapons" value='[ &quot;false&quot; ]'></setting>
		<setting name="#waveheight" value="[ 1 ]"></setting>
		<setting name="#weather" value="[ 11 ]"></setting>
	</settings>
</meta>
