<meta>
    <info author="Gemini" type="script" name="In-game Map Uploader" version="1.0" />
    <script src="client.lua" type="client" />
    <script src="server.lua" type="server" />
    
    <aclrequest>
        <right name="function.createResource" access="true" />
        <right name="function.fileCreate" access="true" />
        <right name="function.fileWrite" access="true" />
        <right name="function.fileClose" access="true" />
        <right name="function.refreshResources" access="true" />
        <right name="general.ModifyOtherObjects" access="true" />
        <right name="function.fetchRemote" access="true" />
    </aclrequest>
</meta>