<meta>
    <info gamemodes="race" type="map" name="[RC] Dakar Sudamerica 2013" author="Gemiflexencolder" version="1.3" description="Very esasy map"></info>
    <map src="Dakar-Sudamericano-2013.map" dimension="0"></map>
    <settings>
        <setting name="#skins" value='[ &quot;random&quot; ]'></setting>
        <setting name="#maxplayers" value="[ 32 ]"></setting>
        <setting name="#gamespeed" value="[ 1 ]"></setting>
        <setting name="#ghostmode" value='[ &quot;false&quot; ]'></setting>
        <setting name="#time" value="15:0"></setting>
        <setting name="#vehicleweapons" value='[ &quot;false&quot; ]'></setting>
        <setting name="#minplayers" value="[ 0 ]"></setting>
        <setting name="#respawntime" value="[ 15 ]"></setting>
        <setting name="#gravity" value="[ 0.008000 ]"></setting>
        <setting name="#waveheight" value="[ 0 ]"></setting>
        <setting name="#weather" value="[ 0 ]"></setting>
        <setting name="#locked_time" value="[ false ]"></setting>
        <setting name="#duration" value="[ 5000 ]"></setting>
        <setting name="#respawn" value='[ &quot;timelimit&quot; ]'></setting>
    </settings>
</meta>
