<meta>
    <oop>true</oop>
    <info gamemodes="race" type="map" name="[CW]RTF x NKC - Infernus |09.08|" author="[SKC]APFEL" version="1.0.0" description="[CW]RTF x NKC - Infernus |09.08|"></info>
    <map src="race-cwrtfxnkcinfernus0908.map" dimension="0"></map>
    <settings>
        <setting name="#skins" value='[ &quot;cj&quot; ]'></setting>
        <setting name="#maxplayers" value="[ 128 ]"></setting>
        <setting name="#useLODs" value="[ false ]"></setting>
        <setting name="#gamespeed" value="[ 1 ]"></setting>
        <setting name="#ghostmode" value='[ &quot;false&quot; ]'></setting>
        <setting name="#time" value="8:0"></setting>
        <setting name="#vehicleweapons" value='[ &quot;false&quot; ]'></setting>
        <setting name="#minplayers" value="[ 0 ]"></setting>
        <setting name="#weather" value="[ 7 ]"></setting>
        <setting name="#gravity" value="[ 0.0080000004 ]"></setting>
        <setting name="#waveheight" value="[ 0 ]"></setting>
        <setting name="#respawntime" value="[ 5 ]"></setting>
        <setting name="#locked_time" value="[ false ]"></setting>
        <setting name="#duration" value="[ 1800 ]"></setting>
        <setting name="#respawn" value='[ &quot;timelimit&quot; ]'></setting>
    </settings>
   <script src="mapEditorScriptingExtension_c.lua" type="client" validate="false"></script>
    <script src="mapEditorScriptingExtension_s.lua" type="server"></script>
    <script src="poles.lua" type="client"></script>
</meta>
