<meta>
  <info gamemodes="race" type="map" name="Etna" version="1.0" />
  <map src="etna.map" />
	<file src="tags_lavagos.txd" />
	<file src="airportland1.col" />
	<file src="airportland6.col" />
	<file src="airportland9.col" />
	<file src="airportland.txd" />
	<file src="airportland1.dff" />
	<file src="airportland6.dff" />
	<file src="airportland9.dff" />
<!--	<include resource="banshee-ferrari" /> -->
	<script src="sscript.lua" />
	<script src="cscript.lua" type="client" />
  <settings>
	<setting name="#maxplayers" value="21" />
	<setting name="#ghostmode" value="true" />
	<setting name="#duration" value="600" />
	<setting name="#nos_duration" value="15" />
	<setting name="#radar" value="false" />
  </settings>
</meta>
