<meta>
    <info author="Gemini" type="script" name="ELO System" description="ELO for Race Gamemode" />
    
    <script src="server.lua" type="server" />
    <script src="client.lua" type="client" />
    
    <file src="images/lvl1.png" />
    <file src="images/lvl2.png" />
    <file src="images/lvl3.png" />
    <file src="images/lvl4.png" />
    <file src="images/lvl5.png" />
    <file src="images/lvl6.png" />
    <file src="images/lvl7.png" />
    <file src="images/lvl8.png" />
    <file src="images/lvl9.png" />
    <file src="images/lvl10.png" />
    
    <file src="sounds/levelup.mp3" />
    
    <export function="getElo" type="shared" />
</meta>