<?xml version="1.0" encoding="utf-16"?>
<meta>
  <info type="map" gamemodes="race" racetype="R" name="Blista Compact Race" author="Kasha666" />
  <map src="Blista Compact Race.map" />
  <settings>
    <setting name="#time" value="18:30" />
    <setting name="#weather" value="1" />
    <setting name="#respawn" value="timelimit" />
<setting name="#ghostmode" value='[ &quot;true&quot; ]'></setting>
<setting name="#maxplayers" value="[ 64 ]"></setting>
<setting name="#respawntime" value="[ 1 ]"></setting>
  </settings>
</meta>