<?xml version="1.0" encoding="utf-16"?>
<meta>
  <info type="map" gamemodes="race" name="A Walk in the Park" author="Blue Zircon" description="Bikes on dirt trails to cars on street back to beginning" version="0" />
  <map src="A Walk in the Park.map" />
  <settings>
    <setting name="#respawn" value="timelimit" />
    <setting name="#duration" value="225" />
	<setting name="*timeafterfirstfinish" value="43" />
	<setting name="*ghostmode" value="false" />
        <setting name="*ghostalpha" value="false" />
        <setting name="*vehicleweapons" value="true" />
        <setting name="*autopimp" value="false" />
  </settings>
</meta>