<meta>
    <!-- Custom Vehicle -->
    <file src="model.dff" />
    <file src="texture.txd" />
    <script src="car.lua" type="client" />

    <!-- Custom Object -->
    <file src="dockcargof_las.txd" />    
    <script src="models.lua" type="client" />

    <!-- Map Scripts -->
    <script src="client.lua" type="client" />
    <script src="poleremover.lua" type="client" />
    
    <info gamemodes="race" type="map" name="Speedhunters" author="[SKC]CsenaHUN" version="1.0.0" description="Race"></info>
    <map src="speedhunters.map" dimension="0"></map>
    <settings>
        <setting name="#skins" value='[ &quot;cj&quot; ]'></setting>
        <setting name="#maxplayers" value="[ 32 ]"></setting>
        <setting name="#gamespeed" value="[ 1 ]"></setting>
        <setting name="#ghostmode" value='[ &quot;false&quot; ]'></setting>
        <setting name="#time" value="22:0"></setting>
        <setting name="#vehicleweapons" value='[ &quot;false&quot; ]'></setting>
        <setting name="#minplayers" value="[ 0 ]"></setting>
        <setting name="#weather" value="[ 10 ]"></setting>
        <setting name="#gravity" value="[ 0.008000 ]"></setting>
        <setting name="#waveheight" value="[ 0 ]"></setting>
        <setting name="#respawntime" value="[ 3 ]"></setting>
        <setting name="#locked_time" value="[ false ]"></setting>
        <setting name="#duration" value="[ 600 ]"></setting>
        <setting name="#respawn" value='[ &quot;timelimit&quot; ]'></setting>
    </settings>
</meta>
